계좌번호,이름,상태,잔여금액,hold_amount
100001,김서연,1,0,0
100002,배서윤,1,0,0
100003,김서현,1,0,0
100004,정지우,1,0,0
100005,유민서,1,0,0
100006,김하윤,1,0,0
100007,이하은,1,0,0
100008,서윤서,1,0,0
100009,김채원,1,0,0
100010,이지윤,1,0,0
100011,김지유,1,0,0
100012,정지민,1,0,0
100013,강지원,1,0,0
100014,최지안,1,0,0
100015,이수아,1,0,0
100016,오은서,1,0,0
100017,김지아,1,0,0
100018,황다은,1,0,0
100019,공수빈,1,0,0
100020,김유진,1,0,0
100021,이예은,1,0,0
100022,이수연,1,0,0
100023,조서아,1,0,0
100024,임서영,1,0,0
100025,김소율,1,0,0
100026,김하린,1,0,0
100027,임예원,1,0,0
100028,황예린,1,0,0
100029,백소윤,1,0,0
100030,윤민지,1,0,0
100031,이유나,1,0,0
100032,한수민,1,0,0
100033,방시은,1,0,0
100034,조채은,1,0,0
100035,최예진,1,0,0
100036,이시아,1,0,0
100037,최수현,1,0,0
100038,이가은,1,0,0
100039,배연우,1,0,0
100040,김윤아,1,0,0
100041,유아린,1,0,0
100042,김지현,1,0,0
100043,김서우,1,0,0
100044,박민주,1,0,0
100045,최시연,1,0,0
100046,박민정,1,0,0
100047,이유주,1,0,0
100048,정예나,1,0,0
100049,임도연,1,0,0
100050,양하율,1,0,0
100051,함주아,1,0,0
100052,이연서,1,0,0
100053,김아윤,1,0,0
100054,홍나은,1,0,0
100055,김지연,1,0,0
100056,박서하,1,0,0
100057,유지은,1,0,0
100058,김민경,1,0,0
100059,정정원,1,0,0
100060,신지영,1,0,0
100061,구아인,1,0,0
100062,김예서,1,0,0
100063,배다인,1,0,0
100064,강유정,1,0,0
100065,정서은,1,0,0
100066,최소연,1,0,0
100067,조현서,1,0,0
100068,여나경,1,0,0
100069,오채아,1,0,0
100070,강다연,1,0,0
100071,서나윤,1,0,0
100072,이이서,1,0,0
100073,조서진,1,0,0
100074,지수진,1,0,0
100075,조주연,1,0,0
100076,박채윤,1,0,0
100077,김서율,1,0,0
100078,송지율,1,0,0
100079,김나연,1,0,0
100080,이다온,1,0,0
100081,안하연,1,0,0
100082,박지수,1,0,0
100083,이규리,1,0,0
100084,이시현,1,0,0
100085,주유빈,1,0,0
100086,윤다현,1,0,0
100087,박혜원,1,0,0
100088,최예지,1,0,0
100089,최나현,1,0,0
100090,정수정,1,0,0
100091,강소은,1,0,0
100092,박윤지,1,0,0
100093,정보경,1,0,0
100094,최현주,1,0,0
100095,김서희,1,0,0
100096,김현정,1,0,0
100097,김세아,1,0,0
100098,이소영,1,0,0
100099,송사랑,1,0,0
100100,곽주하,1,0,0
100101,김다윤,1,0,0
100102,김예빈,1,0,0
100103,이윤정,1,0,0
100104,정연주,1,0,0
100105,한유하,1,0,0
100106,박도경,1,0,0
100107,이소민,1,0,0
100108,박정민,1,0,0
100109,이소현,1,0,0
100110,장지혜,1,0,0
100111,김나영,1,0,0
100112,김재이,1,0,0
100113,강리아,1,0,0
100114,정은채,1,0,0
100115,김태희,1,0,0
100116,김하영,1,0,0
100117,박봄,1,0,0
100118,김현지,1,0,0
100119,손보민,1,0,0
100120,여혜진,1,0,0
100121,신태리,1,0,0
100122,이정연,1,0,0
100123,장정은,1,0,0
100124,이주원,1,0,0
100125,조민채,1,0,0
100126,신정윤,1,0,0
100127,박승아,1,0,0
100128,신로아,1,0,0
100129,권세연,1,0,0
100130,김세은,1,0,0
100131,이윤주,1,0,0
100132,박민아,1,0,0
100133,이소이,1,0,0
100134,김도희,1,0,0
100135,정주은,1,0,0
100136,이채연,1,0,0
100137,왕주희,1,0,0
100138,조태연,1,0,0
100139,전아영,1,0,0
100140,박승연,1,0,0
100141,민시윤,1,0,0
100142,김설아,1,0,0
100143,이선영,1,0,0
100144,박채영,1,0,0
100145,고채린,1,0,0
100146,이은지,1,0,0
100147,김예림,1,0,0
100148,이은정,1,0,0
100149,지은영,1,0,0
100150,박연수,1,0,0
100151,김연아,1,0,0
100152,김소정,1,0,0
100153,김은혜,1,0,0
100154,김가윤,1,0,0
100155,이채이,1,0,0
100156,양효주,1,0,0
100157,김정현,1,0,0
100158,안주영,1,0,0
100159,공라희,1,0,0
100160,황소희,1,0,0
100161,박윤하,1,0,0
100162,이가연,1,0,0
100163,윤은주,1,0,0
100164,홍현아,1,0,0
100165,이정아,1,0,0
100166,허가현,1,0,0
100167,오태은,1,0,0
100168,이수인,1,0,0
100169,오윤희,1,0,0
100170,윤유리,1,0,0
100171,함주현,1,0,0
100172,김가영,1,0,0
100173,조다경,1,0,0
100174,김유경,1,0,0
100175,허아현,1,0,0
100176,양재희,1,0,0
100177,박도은,1,0,0
100178,최서정,1,0,0
100179,권예주,1,0,0
100180,이하진,1,0,0
100181,이지효,1,0,0
100182,박라온,1,0,0
100183,조다겸,1,0,0
100184,심하나,1,0,0
100185,권정희,1,0,0
100186,김루아,1,0,0
100187,김혜정,1,0,0
100188,김유림,1,0,0
100189,나도아,1,0,0
100190,정이나,1,0,0
100191,김현진,1,0,0
100192,김이현,1,0,0
100193,박서원,1,0,0
100194,서수지,1,0,0
100195,한승희,1,0,0
100196,김소미,1,0,0
100197,성수영,1,0,0
100198,김은재,1,0,0
100199,홍태린,1,0,0
100200,이혜주,1,0,0
100201,채다혜,1,0,0
100202,심영주,1,0,0
100203,박채민,1,0,0
100204,임지온,1,0,0
100205,변도영,1,0,0
100206,이가온,1,0,0
100207,김나겸,1,0,0
100208,함은수,1,0,0
100209,김가빈,1,0,0
100210,김채현,1,0,0
100211,오나율,1,0,0
100212,백진아,1,0,0
100213,이다영,1,0,0
100214,김다솜,1,0,0
100215,송리안,1,0,0
100216,김재인,1,0,0
100217,채윤슬,1,0,0
100218,신가을,1,0,0
100219,이정인,1,0,0
100220,이보미,1,0,0
100221,한하정,1,0,0
100222,한다희,1,0,0
100223,박은우,1,0,0
100224,이은희,1,0,0
100225,허민영,1,0,0
100226,김선희,1,0,0
100227,김지호,1,0,0
100228,박연희,1,0,0
100229,이세영,1,0,0
100230,이단아,1,0,0
100231,정효정,1,0,0
100232,전혜린,1,0,0
100233,정수경,1,0,0
100234,김진희,1,0,0
100235,김재은,1,0,0
100236,정선우,1,0,0
100237,김연재,1,0,0
100238,윤준희,1,0,0
100239,구지희,1,0,0
100240,이은유,1,0,0
100241,이여진,1,0,0
100242,이민선,1,0,0
100243,김유민,1,0,0
100244,유시온,1,0,0
100245,홍희정,1,0,0
100246,오유라,1,0,0
100247,안예슬,1,0,0
100248,장세인,1,0,0
100249,김승현,1,0,0
100250,김선아,1,0,0
100251,김은솔,1,0,0
100252,장한나,1,0,0
100253,이하랑,1,0,0
100254,최태경,1,0,0
100255,이윤진,1,0,0
100256,정서인,1,0,0
100257,장지후,1,0,0
100258,이미소,1,0,0
100259,이민하,1,0,0
100260,홍아진,1,0,0
100261,김희진,1,0,0
100262,안고은,1,0,0
100263,홍지인,1,0,0
100264,김하온,1,0,0
100265,이승주,1,0,0
100266,조혜인,1,0,0
100267,임아라,1,0,0
100268,윤희주,1,0,0
100269,박혜영,1,0,0
100270,김해인,1,0,0
100271,남미정,1,0,0
100272,박한별,1,0,0
100273,한영은,1,0,0
100274,김미경,1,0,0
100275,양시우,1,0,0
100276,이태이,1,0,0
100277,조하늘,1,0,0
100278,최채빈,1,0,0
100279,김은진,1,0,0
100280,유효린,1,0,0
100281,박다율,1,0,0
100282,강경희,1,0,0
100283,전유미,1,0,0
100284,박혜림,1,0,0
100285,조희원,1,0,0
100286,이율,1,0,0
100287,우다원,1,0,0
100288,양라엘,1,0,0
100289,오채희,1,0,0
100290,김진영,1,0,0
100291,이혜리,1,0,0
100292,임은하,1,0,0
100293,조경민,1,0,0
100294,김도윤,1,0,0
100295,김아연,1,0,0
100296,이다빈,1,0,0
100297,이이안,1,0,0
100298,윤이솔,1,0,0
100299,윤미영,1,0,0
100300,조연지,1,0,0
100301,윤지선,1,0,0
100302,한도이,1,0,0
100303,김세희,1,0,0
100304,정희수,1,0,0
100305,정하람,1,0,0
100306,남하리,1,0,0
100307,이여원,1,0,0
100308,박윤경,1,0,0
100309,박효원,1,0,0
100310,윤리원,1,0,0
100311,변유은,1,0,0
100312,전선미,1,0,0
100313,여은경,1,0,0
100314,이제인,1,0,0
100315,최성은,1,0,0
100316,임도현,1,0,0
100317,김나희,1,0,0
100318,김라윤,1,0,0
100319,임은비,1,0,0
100320,임가령,1,0,0
100321,김효진,1,0,0
100322,이설,1,0,0
100323,구시하,1,0,0
100324,최별,1,0,0
100325,정제이,1,0,0
100326,서은성,1,0,0
100327,신유안,1,0,0
100328,조리나,1,0,0
100329,김슬아,1,0,0
100330,엄수미,1,0,0
100331,김민희,1,0,0
100332,주혜민,1,0,0
100333,정시영,1,0,0
100334,최선유,1,0,0
100335,공세현,1,0,0
100336,권소유,1,0,0
100337,박해나,1,0,0
100338,김소담,1,0,0
100339,최미주,1,0,0
100340,박세빈,1,0,0
100341,박서빈,1,0,0
100342,채유이,1,0,0
100343,박성희,1,0,0
100344,변수안,1,0,0
100345,이경은,1,0,0
100346,박지예,1,0,0
100347,이은별,1,0,0
100348,정하엘,1,0,0
100349,한진주,1,0,0
100350,오은설,1,0,0
100351,김미선,1,0,0
100352,전영서,1,0,0
100353,김윤채,1,0,0
100354,김보영,1,0,0
100355,김로희,1,0,0
100356,이미연,1,0,0
100357,최은아,1,0,0
100358,김규빈,1,0,0
100359,이윤영,1,0,0
100360,정윤,1,0,0
100361,장혜윤,1,0,0
100362,박효은,1,0,0
100363,안세린,1,0,0
100364,이영희,1,0,0
100365,김솔,1,0,0
100366,박예솔,1,0,0
100367,나아율,1,0,0
100368,김근영,1,0,0
100369,이인영,1,0,0
100370,유하빈,1,0,0
100371,김려원,1,0,0
100372,오희연,1,0,0
100373,손규림,1,0,0
100374,이진서,1,0,0
100375,김혜경,1,0,0
100376,김시원,1,0,0
100377,이은율,1,0,0
100378,장가람,1,0,0
100379,이가인,1,0,0
100380,이선주,1,0,0
100381,길규미,1,0,0
100382,황정화,1,0,0
100383,유도하,1,0,0
100384,오미나,1,0,0
100385,김가율,1,0,0
100386,박선화,1,0,0
100387,이혜연,1,0,0
100388,김혜나,1,0,0
100389,정아름,1,0,0
100390,김가희,1,0,0
100391,이현경,1,0,0
100392,백안나,1,0,0
100393,서여름,1,0,0
100394,탁새봄,1,0,0
100395,한별하,1,0,0
100396,노은선,1,0,0
100397,홍이수,1,0,0
100398,정다정,1,0,0
100399,선서린,1,0,0
100400,이윤설,1,0,0
100401,송예리,1,0,0
100402,홍인아,1,0,0
100403,장인서,1,0,0
100404,오서이,1,0,0
100405,김윤선,1,0,0
100406,조하민,1,0,0
100407,윤은빈,1,0,0
100408,고영미,1,0,0
100409,이미진,1,0,0
100410,정보라,1,0,0
100411,임혜선,1,0,0
100412,윤태림,1,0,0
100413,최리하,1,0,0
100414,박소원,1,0,0
100415,박다해,1,0,0
100416,허이진,1,0,0
100417,유해솔,1,0,0
100418,정효민,1,0,0
100419,임성연,1,0,0
100420,오나예,1,0,0
100421,임지나,1,0,0
100422,김세라,1,0,0
100423,백규린,1,0,0
100424,신아림,1,0,0
100425,정현숙,1,0,0
100426,지은미,1,0,0
100427,이유선,1,0,0
100428,권세정,1,0,0
100429,이세진,1,0,0
100430,김여은,1,0,0
100431,김민솔,1,0,0
100432,조루다,1,0,0
100433,정아란,1,0,0
100434,이하루,1,0,0
100435,김효빈,1,0,0
100436,최은숙,1,0,0
100437,장해리,1,0,0
100438,남성아,1,0,0
100439,이라은,1,0,0
100440,김예담,1,0,0
100441,김영숙,1,0,0
100442,김영선,1,0,0
100443,신재연,1,0,0
100444,지유현,1,0,0
100445,김송현,1,0,0
100446,윤하라,1,0,0
100447,손제니,1,0,0
100448,이하늬,1,0,0
100449,주로하,1,0,0
100450,변연정,1,0,0
100451,김현희,1,0,0
100452,박태영,1,0,0
100453,송에스더,1,0,0
100454,고나래,1,0,0
100455,안해린,1,0,0
100456,박시안,1,0,0
100457,서해윤,1,0,0
100458,이수하,1,0,0
100459,김수린,1,0,0
100460,이아람,1,0,0
100461,박동주,1,0,0
100462,박해원,1,0,0
100463,이하경,1,0,0
100464,배주혜,1,0,0
100465,유시율,1,0,0
100466,유승은,1,0,0
100467,김서경,1,0,0
100468,김나라,1,0,0
100469,김세령,1,0,0
100470,김아리,1,0,0
100471,박주미,1,0,0
100472,김혜빈,1,0,0
100473,김예인,1,0,0
100474,권루리,1,0,0
100475,차선경,1,0,0
100476,박명진,1,0,0
100477,김세미,1,0,0
100478,이건희,1,0,0
100479,배민재,1,0,0
100480,서희윤,1,0,0
100481,윤예령,1,0,0
100482,이아정,1,0,0
100483,박지오,1,0,0
100484,송예온,1,0,0
100485,백한비,1,0,0
100486,신미숙,1,0,0
100487,윤경아,1,0,0
100488,이규나,1,0,0
100489,구혜령,1,0,0
100490,이나원,1,0,0
100491,이태윤,1,0,0
100492,김정빈,1,0,0
100493,장다예,1,0,0
100494,김윤솔,1,0,0
100495,최선율,1,0,0
100496,김경숙,1,0,0
100497,한혜수,1,0,0
100498,양희영,1,0,0
100499,한신영,1,0,0
100500,정도원,1,0,0
100501,윤수희,1,0,0
100502,조선하,1,0,0
100503,유효림,1,0,0
100504,정재윤,1,0,0
100505,김나린,1,0,0
100506,김서유,1,0,0
100507,전로은,1,0,0
100508,김규연,1,0,0
100509,홍한솔,1,0,0
100510,김린,1,0,0
100511,송문정,1,0,0
100512,김명희,1,0,0
100513,심정숙,1,0,0
100514,정태인,1,0,0
100515,정연진,1,0,0
100516,이재경,1,0,0
100517,임세원,1,0,0
100518,오주안,1,0,0
100519,김채율,1,0,0
100520,하온유,1,0,0
100521,이율하,1,0,0
100522,박채하,1,0,0
100523,박제나,1,0,0
100524,강하음,1,0,0
100525,박애린,1,0,0
100526,박예봄,1,0,0
100527,조영아,1,0,0
100528,김정안,1,0,0
100529,강현수,1,0,0
100530,이금비,1,0,0
100531,박서안,1,0,0
100532,최소진,1,0,0
100533,박우주,1,0,0
100534,김다미,1,0,0
100535,서기쁨,1,0,0
100536,연예현,1,0,0
100537,김시유,1,0,0
100538,박이엘,1,0,0
100539,김혜은,1,0,0
100540,손미화,1,0,0
100541,오유영,1,0,0
100542,김연경,1,0,0
100543,이희선,1,0,0
100544,김미서,1,0,0
100545,김송이,1,0,0
100546,김담희,1,0,0
100547,김송연,1,0,0
100548,이보현,1,0,0
100549,김지애,1,0,0
100550,김인애,1,0,0
100551,이재아,1,0,0
100552,홍고운,1,0,0
100553,한사라,1,0,0
100554,정해림,1,0,0
100555,고라임,1,0,0
100556,김이레,1,0,0
100557,이지운,1,0,0
100558,김유연,1,0,0
100559,김소예,1,0,0
100560,이보윤,1,0,0
100561,김단비,1,0,0
100562,배태현,1,0,0
100563,임혜미,1,0,0
100564,민경미,1,0,0
100565,송혜지,1,0,0
100566,장현,1,0,0
100567,유여정,1,0,0
100568,김화영,1,0,0
100569,최민진,1,0,0
100570,공규희,1,0,0
100571,유세윤,1,0,0
100572,김경원,1,0,0
100573,윤은,1,0,0
100574,유이담,1,0,0
100575,김영채,1,0,0
100576,윤유비,1,0,0
100577,조라원,1,0,0
100578,박가민,1,0,0
100579,이희서,1,0,0
100580,김선,1,0,0
100581,백한결,1,0,0
100582,정소망,1,0,0
100583,이희은,1,0,0
100584,양슬,1,0,0
100585,임채유,1,0,0
100586,김루나,1,0,0
100587,장리온,1,0,0
100588,전김,1,0,0
100589,김다교,1,0,0
100590,이순영,1,0,0
100591,정미애,1,0,0
100592,이진경,1,0,0
100593,이규민,1,0,0
100594,하희경,1,0,0
100595,박재영,1,0,0
100596,장미래,1,0,0
100597,전소라,1,0,0
100598,문희재,1,0,0
100599,김이든,1,0,0
100600,한설하,1,0,0
100601,고하임,1,0,0
100602,윤혜율,1,0,0
100603,최솜,1,0,0
100604,이예음,1,0,0
100605,김누리,1,0,0
100606,문루하,1,0,0
100607,이해연,1,0,0
100608,이영애,1,0,0
100609,노근아,1,0,0
100610,홍정미,1,0,0
100611,송미희,1,0,0
100612,정상희,1,0,0
100613,한나혜,1,0,0
100614,이승혜,1,0,0
100615,장지언,1,0,0
100616,최영현,1,0,0
100617,정보은,1,0,0
100618,이강희,1,0,0
100619,김우리,1,0,0
100620,하효리,1,0,0
100621,진승유,1,0,0
100622,이유지,1,0,0
100623,우효인,1,0,0
100624,강유담,1,0,0
100625,김하원,1,0,0
100626,박예솜,1,0,0
100627,고로운,1,0,0
100628,김로이,1,0,0
100629,원담이,1,0,0
100630,이민유,1,0,0
100631,윤루희,1,0,0
100632,이인숙,1,0,0
100633,최새벽,1,0,0
100634,곽인하,1,0,0
100635,윤선정,1,0,0
100636,김예경,1,0,0
100637,박해주,1,0,0
100638,조은교,1,0,0
100639,권영화,1,0,0
100640,이이정,1,0,0
100641,박인혜,1,0,0
100642,박서후,1,0,0
100643,공나금,1,0,0
100644,유려은,1,0,0
100645,김리현,1,0,0
100646,이보람,1,0,0
100647,원라율,1,0,0
100648,최세하,1,0,0
100649,김하령,1,0,0
100650,박보빈,1,0,0
100651,김새론,1,0,0
100652,강해빈,1,0,0
100653,정담,1,0,0
100654,김해온,1,0,0
100655,오정애,1,0,0
100656,황순희,1,0,0
100657,김경화,1,0,0
100658,황정,1,0,0
100659,김성주,1,0,0
100660,홍원희,1,0,0
100661,이서주,1,0,0
100662,김영지,1,0,0
100663,서채령,1,0,0
100664,이은제,1,0,0
100665,홍가경,1,0,0
100666,이정하,1,0,0
100667,전예영,1,0,0
100668,최민설,1,0,0
100669,강송희,1,0,0
100670,장여울,1,0,0
100671,백은호,1,0,0
100672,김민소,1,0,0
100673,이가원,1,0,0
100674,이예설,1,0,0
100675,정린아,1,0,0
100676,서라연,1,0,0
100677,최민,1,0,0
100678,박나리,1,0,0
100679,김율아,1,0,0
100680,최슬비,1,0,0
100681,김나온,1,0,0
100682,김래아,1,0,0
100683,김승리,1,0,0
100684,권유솔,1,0,0
100685,김이은,1,0,0
100686,김라현,1,0,0
100687,엄이원,1,0,0
100688,김한슬,1,0,0
100689,김소을,1,0,0
100690,조예승,1,0,0
100691,윤명주,1,0,0
100692,박서목,1,0,0
100693,연미란,1,0,0
100694,윤보정,1,0,0
100695,김윤겸,1,0,0
100696,고진이,1,0,0
100697,진선민,1,0,0
100698,백현선,1,0,0
100699,백금주,1,0,0
100700,조미송,1,0,0
100701,김미라,1,0,0
100702,김승미,1,0,0
100703,이호정,1,0,0
100704,서선혜,1,0,0
100705,김수예,1,0,0
100706,오경빈,1,0,0
100707,이세민,1,0,0
100708,나도혜,1,0,0
100709,강연,1,0,0
100710,권라경,1,0,0
100711,안성빈,1,0,0
100712,신리,1,0,0
100713,천하림,1,0,0
100714,서세온,1,0,0
100715,강희나,1,0,0
100716,박자인,1,0,0
100717,유유희,1,0,0
100718,이규원,1,0,0
100719,허신혜,1,0,0
100720,김빛나,1,0,0
100721,김주윤,1,0,0
100722,유초원,1,0,0
100723,이그린,1,0,0
100724,정노엘,1,0,0
100725,임은세,1,0,0
100726,고예람,1,0,0
100727,유다나,1,0,0
100728,곽시언,1,0,0
100729,김소린,1,0,0
100730,이서림,1,0,0
100731,이율희,1,0,0
100732,손샤론,1,0,0
100733,김우진,1,0,0
100734,김진,1,0,0
100735,박은후,1,0,0
100736,이예윤,1,0,0
100737,유세나,1,0,0
100738,고이솜,1,0,0
100739,김애나,1,0,0
100740,김희,1,0,0
100741,남단,1,0,0
100742,정희율,1,0,0
100743,배레나,1,0,0
100744,서예랑,1,0,0
100745,김루비,1,0,0
100746,윤윤이,1,0,0
100747,이세이,1,0,0
100748,김이봄,1,0,0
100749,이하이,1,0,0
100750,조영인,1,0,0
100751,권경란,1,0,0
100752,김해정,1,0,0
100753,정은애,1,0,0
100754,진섬결,1,0,0
100755,한정선,1,0,0
100756,이윤제,1,0,0
100757,이나운,1,0,0
100758,문지숙,1,0,0
100759,김영옥,1,0,0
100760,송윤미,1,0,0
100761,김성미,1,0,0
100762,박문경,1,0,0
100763,이성민,1,0,0
100764,성가비,1,0,0
100765,이희지,1,0,0
100766,박인경,1,0,0
100767,김인선,1,0,0
100768,조우림,1,0,0
100769,박우정,1,0,0
100770,최윤성,1,0,0
100771,임성혜,1,0,0
100772,김설연,1,0,0
100773,이연화,1,0,0
100774,신장미,1,0,0
100775,김송주,1,0,0
100776,최조은,1,0,0
100777,김환희,1,0,0
100778,서하현,1,0,0
100779,조현민,1,0,0
100780,박선빈,1,0,0
100781,이란,1,0,0
100782,이성윤,1,0,0
100783,강수련,1,0,0
100784,유호연,1,0,0
100785,박채안,1,0,0
100786,고서혜,1,0,0
100787,최율리,1,0,0
100788,이은겸,1,0,0
100789,안한희,1,0,0
100790,안혜교,1,0,0
100791,권보나,1,0,0
100792,김애리,1,0,0
100793,백유아,1,0,0
100794,송나나,1,0,0
100795,권예라,1,0,0
200001,윤채인,1,0,0
200002,김리우,1,0,0
200003,고채리,1,0,0
200004,이희민,1,0,0
200005,서서휘,1,0,0
200006,문시호,1,0,0
200007,신예송,1,0,0
200008,최다솔,1,0,0
200009,유안,1,0,0
200010,정아빈,1,0,0
200011,권초아,1,0,0
200012,윤한율,1,0,0
200013,신주리,1,0,0
200014,김레아,1,0,0
200015,이다엘,1,0,0
200016,김리호,1,0,0
200017,김리윤,1,0,0
200018,조예안,1,0,0
200019,신도담,1,0,0
200020,강영란,1,0,0
200021,김경애,1,0,0
200022,이선옥,1,0,0
200023,손혜란,1,0,0
200024,김려경,1,0,0
200025,정진숙,1,0,0
200026,박해영,1,0,0
200027,신연옥,1,0,0
200028,송유성,1,0,0
200029,김보결,1,0,0
200030,홍정서,1,0,0
200031,박민교,1,0,0
200032,이정혜,1,0,0
200033,김동희,1,0,0
200034,김현이,1,0,0
200035,서미혜,1,0,0
200036,김자연,1,0,0
200037,오도겸,1,0,0
200038,민새롬,1,0,0
200039,정수화,1,0,0
200040,최성원,1,0,0
200041,박다감,1,0,0
200042,임정순,1,0,0
200043,최명자,1,0,0
200044,임승윤,1,0,0
200045,홍부경,1,0,0
200046,박솔비,1,0,0
200047,한수비,1,0,0
200048,차성현,1,0,0
200049,박동화,1,0,0
200050,안정이,1,0,0
200051,최비주,1,0,0
200052,김민결,1,0,0
200053,이초희,1,0,0
200054,이주화,1,0,0
200055,유자영,1,0,0
200056,정서화,1,0,0
200057,김인우,1,0,0
200058,이예희,1,0,0
200059,박연오,1,0,0
200060,최영,1,0,0
200061,김노을,1,0,0
200062,배승민,1,0,0
200063,정엘리야,1,0,0
200064,송소명,1,0,0
200065,정슬기,1,0,0
200066,김준영,1,0,0
200067,김채언,1,0,0
200068,최다애,1,0,0
200069,성지음,1,0,0
200070,최주언,1,0,0
200071,유나림,1,0,0
200072,최해랑,1,0,0
200073,송나,1,0,0
200074,정가린,1,0,0
200075,남송윤,1,0,0
200076,김이주,1,0,0
200077,송주빈,1,0,0
200078,배단하,1,0,0
200079,원하선,1,0,0
200080,이나민,1,0,0
200081,장주율,1,0,0
200082,김송하,1,0,0
200083,정세경,1,0,0
200084,김지해,1,0,0
200085,김의진,1,0,0
200086,강은효,1,0,0
200087,원아미,1,0,0
200088,최지빈,1,0,0
200089,홍푸름,1,0,0
200090,김태미,1,0,0
200091,김효우,1,0,0
200092,천솔희,1,0,0
200093,강솔민,1,0,0
200094,정희우,1,0,0
200095,장규비,1,0,0
200096,이해담,1,0,0
200097,김마리,1,0,0
200098,김재나,1,0,0
200099,표리사,1,0,0
200100,백주엘,1,0,0
200101,최빈,1,0,0
200102,최루이,1,0,0
200103,이엘라,1,0,0
200104,최아랑,1,0,0
200105,강이설,1,0,0
200106,김민우,1,0,0
200107,서다니,1,0,0
200108,이문영,1,0,0
200109,임혜성,1,0,0
200110,이미성,1,0,0
200111,이재현,1,0,0
200112,이계순,1,0,0
200113,김혜승,1,0,0
200114,최경선,1,0,0
200115,이태금,1,0,0
200116,이영순,1,0,0
200117,허순복,1,0,0
200118,박원정,1,0,0
200119,나해수,1,0,0
200120,서영진,1,0,0
200121,주문주,1,0,0
200122,진보배,1,0,0
200123,정재원,1,0,0
200124,박영자,1,0,0
200125,장희라,1,0,0
200126,송유란,1,0,0
200127,조경진,1,0,0
200128,박슬빈,1,0,0
200129,조남희,1,0,0
200130,김세비,1,0,0
200131,안여경,1,0,0
200132,최건영,1,0,0
200133,김윤나,1,0,0
200134,이승하,1,0,0
200135,표미,1,0,0
200136,이차연,1,0,0
200137,임화정,1,0,0
200138,정진선,1,0,0
200139,전예소,1,0,0
200140,김상은,1,0,0
200141,김솔미,1,0,0
200142,김윤조,1,0,0
200143,홍노은,1,0,0
200144,박영빈,1,0,0
200145,신은결,1,0,0
200146,조진효,1,0,0
200147,안다비,1,0,0
200148,김나임,1,0,0
200149,강유화,1,0,0
200150,김민혜,1,0,0
200151,김믿음,1,0,0
200152,조미리,1,0,0
200153,이결,1,0,0
200154,이서형,1,0,0
200155,임해미,1,0,0
200156,박소혜,1,0,0
200157,양레,1,0,0
200158,김자은,1,0,0
200159,김재하,1,0,0
200160,이윤재,1,0,0
200161,최효경,1,0,0
200162,박효연,1,0,0
200163,김아리아,1,0,0
200164,정설희,1,0,0
200165,허현승,1,0,0
200166,장채나,1,0,0
200167,박효영,1,0,0
200168,최세람,1,0,0
200169,오이슬,1,0,0
200170,이초이,1,0,0
200171,백리유,1,0,0
200172,우아원,1,0,0
200173,이나령,1,0,0
200174,신연하,1,0,0
200175,최제희,1,0,0
200176,이설현,1,0,0
200177,조래나,1,0,0
200178,강해민,1,0,0
200179,최수완,1,0,0
200180,이세리,1,0,0
200181,서민송,1,0,0
200182,김바다,1,0,0
200183,안신비,1,0,0
200184,최세림,1,0,0
200185,하민성,1,0,0
200186,이하솔,1,0,0
200187,이연선,1,0,0
200188,서샛별,1,0,0
200189,고미아,1,0,0
200190,장채림,1,0,0
200191,박엘리,1,0,0
200192,박리예,1,0,0
200193,이다안,1,0,0
200194,민보아,1,0,0
200195,신~99,1,0,0
200196,박효지,1,0,0
200197,정윤우,1,0,0
200198,김주예,1,0,0
200199,장한아,1,0,0
200200,우다민,1,0,0
200201,서이린,1,0,0
200202,신민슬,1,0,0
200203,이예선,1,0,0
200204,황이랑,1,0,0
200205,이규은,1,0,0
200206,이세화,1,0,0
200207,한연두,1,0,0
200208,김리라,1,0,0
200209,정채운,1,0,0
200210,조소리,1,0,0
200211,표지솔,1,0,0
200212,박규아,1,0,0
200213,조미우,1,0,0
200214,안라인,1,0,0
200215,임재린,1,0,0
200216,김나엘,1,0,0
200217,이하주,1,0,0
200218,윤새별,1,0,0
200219,하다을,1,0,0
200220,이소울,1,0,0
200221,김여린,1,0,0
200222,김주이,1,0,0
200223,위연숙,1,0,0
200224,서희령,1,0,0
200225,배예섬,1,0,0
200226,도미현,1,0,0
200227,김기령,1,0,0
200228,곽수향,1,0,0
200229,유해령,1,0,0
200230,정연제,1,0,0
200231,허송아,1,0,0
200232,안효재,1,0,0
200233,임서완,1,0,0
200234,권금서,1,0,0
200235,민지형,1,0,0
200236,박난영,1,0,0
200237,김미승,1,0,0
200238,장성숙,1,0,0
200239,민윤교,1,0,0
200240,강명순,1,0,0
200241,김미자,1,0,0
200242,임예련,1,0,0
200243,송영신,1,0,0
200244,김희자,1,0,0
200245,김현자,1,0,0
200246,최미옥,1,0,0
200247,이금순,1,0,0
200248,권경임,1,0,0
200249,오라영,1,0,0
200250,한라혜,1,0,0
200251,김미건,1,0,0
200252,강옥,1,0,0
200253,장민숙,1,0,0
200254,김명옥,1,0,0
200255,김수원,1,0,0
200256,고도형,1,0,0
200257,채세벽,1,0,0
200258,김문희,1,0,0
200259,김준아,1,0,0
200260,장상이,1,0,0
200261,서명화,1,0,0
200262,신시후,1,0,0
200263,박연후,1,0,0
200264,김선예,1,0,0
200265,김미교,1,0,0
200266,김현우,1,0,0
200267,이춘선,1,0,0
200268,하동은,1,0,0
200269,김기량,1,0,0
200270,강수임,1,0,0
200271,성현영,1,0,0
200272,박가이,1,0,0
200273,박리희,1,0,0
200274,이상아,1,0,0
200275,윤향미,1,0,0
200276,최영윤,1,0,0
200277,정여빈,1,0,0
200278,박명서,1,0,0
200279,오건아,1,0,0
200280,김승효,1,0,0
200281,박비송,1,0,0
200282,김시형,1,0,0
200283,장은새,1,0,0
200284,이제영,1,0,0
200285,이남주,1,0,0
200286,박재민,1,0,0
200287,정지이,1,0,0
200288,전수림,1,0,0
200289,강채온,1,0,0
200290,이인화,1,0,0
200291,고성자,1,0,0
200292,김현애,1,0,0
200293,안윤혜,1,0,0
200294,김화연,1,0,0
200295,황민조,1,0,0
200296,조명현,1,0,0
200297,진율이,1,0,0
200298,신혜련,1,0,0
200299,황규란,1,0,0
200300,이채미,1,0,0
200301,박교연,1,0,0
200302,김보금,1,0,0
200303,양소후,1,0,0
200304,안정주,1,0,0
200305,박유원,1,0,0
200306,한겸서,1,0,0
200307,이비가나,1,0,0
200308,지윤송,1,0,0
200309,김하니,1,0,0
200310,박로나,1,0,0
200311,김우연,1,0,0
200312,김희현,1,0,0
200313,김민애,1,0,0
200314,선인희,1,0,0
200315,최주,1,0,0
200316,임제은,1,0,0
200317,박두희,1,0,0
200318,전진유,1,0,0
200319,김래현,1,0,0
200320,배찬미,1,0,0
200321,정수,1,0,0
200322,김리빈,1,0,0
200323,최다운,1,0,0
200324,김아령,1,0,0
200325,김설리,1,0,0
200326,정희유,1,0,0
200327,홍랑,1,0,0
200328,김보리,1,0,0
200329,이효선,1,0,0
200330,이하,1,0,0
200331,진다함,1,0,0
200332,천소아,1,0,0
200333,박엘,1,0,0
200334,심혜랑,1,0,0
200335,김예연,1,0,0
200336,김리영,1,0,0
200337,조어진,1,0,0
200338,홍제린,1,0,0
200339,김여온,1,0,0
200340,김서령,1,0,0
200341,허루원,1,0,0
200342,백창희,1,0,0
200343,조시엘,1,0,0
200344,고서미,1,0,0
200345,홍여민,1,0,0
200346,유니나,1,0,0
200347,김보겸,1,0,0
200348,김유온,1,0,0
200349,김새라,1,0,0
200350,정경림,1,0,0
200351,이혜서,1,0,0
200352,이성언,1,0,0
200353,이하얀,1,0,0
200354,김마음,1,0,0
200355,이늘,1,0,0
200356,정태령,1,0,0
200357,도라헬,1,0,0
200358,추수윤,1,0,0
200359,강다슬,1,0,0
200360,이한음,1,0,0
200361,배솔지,1,0,0
200362,전영혜,1,0,0
200363,김예율,1,0,0
200364,임예란,1,0,0
200365,박유린,1,0,0
200366,김조안,1,0,0
200367,김시예,1,0,0
200368,이윤소,1,0,0
200369,김지완,1,0,0
200370,권승휘,1,0,0
200371,정찬희,1,0,0
200372,이리진,1,0,0
200373,김해니,1,0,0
200374,김담솔,1,0,0
200375,김차영,1,0,0
200376,박서별,1,0,0
200377,지정음,1,0,0
200378,김라나,1,0,0
200379,정도예,1,0,0
200380,이시야,1,0,0
200381,오제시,1,0,0
200382,서하슬,1,0,0
200383,김레이나,1,0,0
200384,김지니,1,0,0
200385,김해율,1,0,0
200386,오하희,1,0,0
200387,박가림,1,0,0
200388,이나우,1,0,0
200389,이희엘,1,0,0
200390,최혜온,1,0,0
200391,김하겸,1,0,0
200392,홍초은,1,0,0
200393,손리세,1,0,0
200394,황열음,1,0,0
200395,강새빛,1,0,0
200396,염하울,1,0,0
200397,김우린,1,0,0
200398,정윤담,1,0,0
200399,이아솔,1,0,0
200400,이새나,1,0,0
200401,이한유,1,0,0
200402,김은봄,1,0,0
200403,이태라,1,0,0
200404,조은규,1,0,0
200405,이봄이,1,0,0
200406,박한설,1,0,0
200407,정리율,1,0,0
200408,김수리,1,0,0
200409,권차은,1,0,0
200410,이리엘,1,0,0
200411,김로윤,1,0,0
200412,이이음,1,0,0
200413,이엘리나,1,0,0
200414,안올리비아,1,0,0
200415,정이플,1,0,0
200416,임아엘,1,0,0
200417,서유니,1,0,0
200418,노클로이,1,0,0
200419,이아이린,1,0,0
200420,송별아,1,0,0
200421,김민준,1,0,0
200422,정서준,1,0,0
200423,고도윤,1,0,0
200424,공예준,1,0,0
200425,권시우,1,0,0
200426,신주원,1,0,0
200427,손하준,1,0,0
200428,백지호,1,0,0
200429,유지후,1,0,0
200430,이준우,1,0,0
200431,이현우,1,0,0
200432,유준서,1,0,0
200433,백도현,1,0,0
200434,최지훈,1,0,0
200435,김건우,1,0,0
200436,정우진,1,0,0
200437,조선우,1,0,0
200438,안민재,1,0,0
200439,윤현준,1,0,0
200440,김유준,1,0,0
200441,강서진,1,0,0
200442,유연우,1,0,0
200443,김은우,1,0,0
200444,최정우,1,0,0
200445,김시윤,1,0,0
200446,정준혁,1,0,0
200447,장승현,1,0,0
200448,강이준,1,0,0
200449,김승우,1,0,0
200450,이승민,1,0,0
200451,함지환,1,0,0
200452,신민성,1,0,0
200453,김윤우,1,0,0
200454,유준영,1,0,0
200455,나수호,1,0,0
200456,이수현,1,0,0
200457,김동현,1,0,0
200458,서진우,1,0,0
200459,엄유찬,1,0,0
200460,이지우,1,0,0
200461,서시후,1,0,0
200462,안지원,1,0,0
200463,권이안,1,0,0
200464,이성민,1,0,0
200465,유지안,1,0,0
200466,이민규,1,0,0
200467,안재원,1,0,0
200468,임재윤,1,0,0
200469,김성현,1,0,0
200470,박시현,1,0,0
200471,정준호,1,0,0
200472,민지한,1,0,0
200473,송태윤,1,0,0
200474,박로운,1,0,0
200475,신재민,1,0,0
200476,하민우,1,0,0
200477,남재현,1,0,0
200478,이태현,1,0,0
200479,이정민,1,0,0
200480,김민찬,1,0,0
200481,송시원,1,0,0
200482,서한결,1,0,0
200483,노윤호,1,0,0
200484,전시온,1,0,0
200485,박우주,1,0,0
200486,최민석,1,0,0
200487,곽서우,1,0,0
200488,김은찬,1,0,0
200489,이성준,1,0,0
200490,옥승준,1,0,0
200491,김우빈,1,0,0
200492,김지민,1,0,0
200493,주정현,1,0,0
200494,김도하,1,0,0
200495,백이든,1,0,0
200496,김현서,1,0,0
200497,임현수,1,0,0
200498,김민수,1,0,0
200499,이민호,1,0,0
200500,류윤성,1,0,0
200501,정윤재,1,0,0
200502,진민혁,1,0,0
200503,이지성,1,0,0
200504,김도훈,1,0,0
200505,송은호,1,0,0
200506,황다온,1,0,0
200507,윤하진,1,0,0
200508,이하율,1,0,0
200509,김경민,1,0,0
200510,정이현,1,0,0
200511,김규민,1,0,0
200512,류정훈,1,0,0
200513,이지율,1,0,0
200514,최태민,1,0,0
200515,정준성,1,0,0
200516,박민기,1,0,0
200517,김예성,1,0,0
200518,신강민,1,0,0
200519,박준,1,0,0
200520,김준수,1,0,0
200521,김승원,1,0,0
200522,정율,1,0,0
200523,장재훈,1,0,0
200524,이하민,1,0,0
200525,이주안,1,0,0
200526,유태훈,1,0,0
200527,오시안,1,0,0
200528,박승호,1,0,0
200529,박민서,1,0,0
200530,김태경,1,0,0
200531,명도경,1,0,0
200532,이주호,1,0,0
200533,장상현,1,0,0
200534,함준희,1,0,0
200535,안원준,1,0,0
200536,진은성,1,0,0
200537,김도영,1,0,0
200538,최하온,1,0,0
200539,박예찬,1,0,0
200540,김승훈,1,0,0
200541,양현성,1,0,0
200542,임건호,1,0,0
200543,김동건,1,0,0
200544,김범준,1,0,0
200545,정지완,1,0,0
200546,박주영,1,0,0
200547,오하람,1,0,0
200548,신건,1,0,0
200549,황우현,1,0,0
200550,김라온,1,0,0
200551,김주환,1,0,0
200552,김태양,1,0,0
200553,최태영,1,0,0
200554,김태오,1,0,0
200555,송성훈,1,0,0
200556,박영준,1,0,0
200557,이태우,1,0,0
200558,전우성,1,0,0
200559,정성우,1,0,0
200560,윤상우,1,0,0
200561,김동욱,1,0,0
200562,서재영,1,0,0
200563,장시완,1,0,0
200564,이현민,1,0,0
200565,심지오,1,0,0
200566,김도겸,1,0,0
200567,이도율,1,0,0
200568,김대현,1,0,0
200569,최시훈,1,0,0
200570,최성빈,1,0,0
200571,신동우,1,0,0
200572,여성윤,1,0,0
200573,유세현,1,0,0
200574,정주현,1,0,0
200575,전진호,1,0,0
200576,윤태호,1,0,0
200577,박현진,1,0,0
200578,안정호,1,0,0
200579,박지운,1,0,0
200580,박재하,1,0,0
200581,김건희,1,0,0
200582,이시환,1,0,0
200583,홍시율,1,0,0
200584,박재우,1,0,0
200585,최민건,1,0,0
200586,김정후,1,0,0
200587,문성호,1,0,0
200588,김준석,1,0,0
200589,이도원,1,0,0
200590,정현승,1,0,0
200591,김현석,1,0,0
200592,이태준,1,0,0
200593,권형준,1,0,0
200594,문동하,1,0,0
200595,최승환,1,0,0
200596,최승재,1,0,0
200597,김대겸,1,0,0
200598,조단우,1,0,0
200599,배정원,1,0,0
200600,김호준,1,0,0
200601,김상민,1,0,0
200602,정재혁,1,0,0
200603,백성원,1,0,0
200604,신하랑,1,0,0
200605,조주혁,1,0,0
200606,이동훈,1,0,0
200607,이현호,1,0,0
200608,박재준,1,0,0
200609,이수혁,1,0,0
200610,이로이,1,0,0
200611,박성진,1,0,0
200612,박승빈,1,0,0
200613,양준형,1,0,0
200614,양현,1,0,0
200615,윤유안,1,0,0
200616,박찬영,1,0,0
200617,임진혁,1,0,0
200618,이석현,1,0,0
200619,유태규,1,0,0
200620,박승윤,1,0,0
200621,김태건,1,0,0
200622,황연준,1,0,0
200623,성종현,1,0,0
200624,신성환,1,0,0
200625,조정환,1,0,0
200626,김신우,1,0,0
200627,박준범,1,0,0
200628,김재호,1,0,0
200629,강동혁,1,0,0
200630,고상원,1,0,0
200631,김태환,1,0,0
200632,남서후,1,0,0
200633,성도준,1,0,0
200634,이재성,1,0,0
200635,박찬우,1,0,0
200636,최호진,1,0,0
200637,이보성,1,0,0
200638,박우영,1,0,0
200639,민수민,1,0,0
200640,황기태,1,0,0
200641,서주한,1,0,0
200642,이용준,1,0,0
200643,배기범,1,0,0
200644,문동규,1,0,0
200645,김이한,1,0,0
200646,임재환,1,0,0
200647,최영진,1,0,0
200648,김지혁,1,0,0
200649,김동윤,1,0,0
200650,유우혁,1,0,0
200651,전영민,1,0,0
200652,장서호,1,0,0
200653,이요한,1,0,0
200654,정주완,1,0,0
200655,조서율,1,0,0
200656,김재이,1,0,0
200657,전무성,1,0,0
200658,김창민,1,0,0
200659,박윤,1,0,0
200660,오현빈,1,0,0
200661,양상훈,1,0,0
200662,김우재,1,0,0
200663,김재용,1,0,0
200664,최대호,1,0,0
200665,장진영,1,0,0
200666,이태원,1,0,0
200667,박경준,1,0,0
200668,김도진,1,0,0
200669,김동준,1,0,0
200670,김대영,1,0,0
200671,강도건,1,0,0
200672,김현규,1,0,0
200673,홍재형,1,0,0
200674,안영훈,1,0,0
200675,김태율,1,0,0
200676,전명준,1,0,0
200677,임가온,1,0,0
200678,김선호,1,0,0
200679,이성재,1,0,0
200680,이윤찬,1,0,0
200681,김승주,1,0,0
200682,신동원,1,0,0
200683,김세훈,1,0,0
200684,손시헌,1,0,0
200685,신승찬,1,0,0
200686,이하늘,1,0,0
200687,조윤후,1,0,0
200688,조서원,1,0,0
200689,이상윤,1,0,0
200690,박준현,1,0,0
200691,이승후,1,0,0
200692,김유건,1,0,0
200693,김근호,1,0,0
200694,함유성,1,0,0
200695,박혁,1,0,0
200696,이유진,1,0,0
200697,안도형,1,0,0
200698,주훈,1,0,0
200699,양동주,1,0,0
200700,김세준,1,0,0
200701,유영우,1,0,0
200702,이지용,1,0,0
200703,김강현,1,0,0
200704,조현욱,1,0,0
200705,하성주,1,0,0
200706,김승혁,1,0,0
200707,서효준,1,0,0
200708,이동호,1,0,0
200709,채진수,1,0,0
200710,정연호,1,0,0
200711,황시형,1,0,0
200712,최원우,1,0,0
200713,전호영,1,0,0
200714,김우석,1,0,0
200715,김창현,1,0,0
200716,김범수,1,0,0
200717,이상준,1,0,0
200718,양현태,1,0,0
200719,김민제,1,0,0
200720,박영재,1,0,0
200721,윤아인,1,0,0
200722,서근우,1,0,0
200723,이주형,1,0,0
200724,김우찬,1,0,0
200725,권유민,1,0,0
200726,김온유,1,0,0
200727,하정빈,1,0,0
200728,황경환,1,0,0
200729,김이수,1,0,0
200730,오유현,1,0,0
200731,이규빈,1,0,0
200732,박동환,1,0,0
200733,차상진,1,0,0
200734,서찬민,1,0,0
200735,장시호,1,0,0
200736,강성욱,1,0,0
200737,김인우,1,0,0
200738,강하성,1,0,0
200739,조인호,1,0,0
200740,이진서,1,0,0
200741,전세윤,1,0,0
200742,이민승,1,0,0
200743,김준원,1,0,0
200744,오우준,1,0,0
200745,김강준,1,0,0
200746,이민철,1,0,0
200747,박영호,1,0,0
200748,오현도,1,0,0
200749,김도연,1,0,0
200750,조재범,1,0,0
200751,이희찬,1,0,0
200752,도시영,1,0,0
200753,이산,1,0,0
200754,김정수,1,0,0
200755,이지웅,1,0,0
200756,천태겸,1,0,0
200757,김경훈,1,0,0
200758,한태하,1,0,0
200759,김준민,1,0,0
200760,임민,1,0,0
200761,김찬,1,0,0
200762,박해준,1,0,0
200763,박명진,1,0,0
200764,이진욱,1,0,0
200765,이지윤,1,0,0
200766,강경호,1,0,0
200767,조기현,1,0,0
200768,박요셉,1,0,0
200769,최동민,1,0,0
200770,안태인,1,0,0
200771,전도균,1,0,0
200772,이찬희,1,0,0
200773,박시언,1,0,0
200774,김승진,1,0,0
200775,강주성,1,0,0
200776,이윤수,1,0,0
200777,양성찬,1,0,0
200778,노원석,1,0,0
200779,정태욱,1,0,0
200780,서수영,1,0,0
200781,김대윤,1,0,0
200782,김영수,1,0,0
200783,신건후,1,0,0
200784,강건영,1,0,0
200785,윤진형,1,0,0
200786,엄종민,1,0,0
200787,이영환,1,0,0
200788,김영광,1,0,0
200789,이관우,1,0,0
200790,유태성,1,0,0
200791,이채민,1,0,0
200792,고준후,1,0,0
200793,이은율,1,0,0
200794,이대훈,1,0,0
200795,김승유,1,0,0
300001,박선율,1,0,0
300002,김종호,1,0,0
300003,최부건,1,0,0
300004,최태연,1,0,0
300005,양은혁,1,0,0
300006,김성수,1,0,0
300007,김인성,1,0,0
300008,주승헌,1,0,0
300009,장희준,1,0,0
300010,이희성,1,0,0
300011,김호연,1,0,0
300012,공태형,1,0,0
300013,박범진,1,0,0
300014,이리한,1,0,0
300015,김찬율,1,0,0
300016,박서윤,1,0,0
300017,김석원,1,0,0
300018,이승범,1,0,0
300019,장하윤,1,0,0
300020,고동재,1,0,0
300021,김무결,1,0,0
300022,장도운,1,0,0
300023,김수환,1,0,0
300024,노상호,1,0,0
300025,남태웅,1,0,0
300026,전해성,1,0,0
300027,황영찬,1,0,0
300028,김종우,1,0,0
300029,홍서빈,1,0,0
300030,박한율,1,0,0
300031,이정인,1,0,0
300032,오세진,1,0,0
300033,김준기,1,0,0
300034,주건율,1,0,0
300035,진윤서,1,0,0
300036,김재백,1,0,0
300037,유현재,1,0,0
300038,이윤석,1,0,0
300039,한형진,1,0,0
300040,김상욱,1,0,0
300041,조진성,1,0,0
300042,최원재,1,0,0
300043,이재헌,1,0,0
300044,김찬호,1,0,0
300045,장리안,1,0,0
300046,양규현,1,0,0
300047,윤로건,1,0,0
300048,박석민,1,0,0
300049,노진,1,0,0
300050,김윤혁,1,0,0
300051,김경태,1,0,0
300052,노진석,1,0,0
300053,김형석,1,0,0
300054,김태균,1,0,0
300055,박재경,1,0,0
300056,김호성,1,0,0
300057,박강,1,0,0
300058,이유신,1,0,0
300059,윤재욱,1,0,0
300060,최지수,1,0,0
300061,김강우,1,0,0
300062,윤준오,1,0,0
300063,조혜성,1,0,0
300064,안유빈,1,0,0
300065,김태검,1,0,0
300066,백종훈,1,0,0
300067,나민영,1,0,0
300068,이은준,1,0,0
300069,이서현,1,0,0
300070,정인혁,1,0,0
300071,남희재,1,0,0
300072,손주헌,1,0,0
300073,서희원,1,0,0
300074,신민결,1,0,0
300075,정아준,1,0,0
300076,박준하,1,0,0
300077,이찬혁,1,0,0
300078,차규태,1,0,0
300079,박용현,1,0,0
300080,박환,1,0,0
300081,김도우,1,0,0
300082,권형우,1,0,0
300083,김민형,1,0,0
300084,한윤준,1,0,0
300085,김기성,1,0,0
300086,이재운,1,0,0
300087,한동근,1,0,0
300088,이윤건,1,0,0
300089,박준용,1,0,0
300090,정재희,1,0,0
300091,이진현,1,0,0
300092,박준모,1,0,0
300093,김가람,1,0,0
300094,이환희,1,0,0
300095,오병철,1,0,0
300096,안승연,1,0,0
300097,임연수,1,0,0
300098,박리우,1,0,0
300099,조용수,1,0,0
300100,김영석,1,0,0
300101,이재연,1,0,0
300102,조무진,1,0,0
300103,강용진,1,0,0
300104,김동영,1,0,0
300105,서지현,1,0,0
300106,김세영,1,0,0
300107,옥윤제,1,0,0
300108,유수찬,1,0,0
300109,강은규,1,0,0
300110,이대원,1,0,0
300111,민정윤,1,0,0
300112,서다니엘,1,0,0
300113,김정재,1,0,0
300114,송지석,1,0,0
300115,이성연,1,0,0
300116,박재율,1,0,0
300117,양여준,1,0,0
300118,김종원,1,0,0
300119,김동진,1,0,0
300120,홍동연,1,0,0
300121,이현기,1,0,0
300122,조석훈,1,0,0
300123,김지욱,1,0,0
300124,최시하,1,0,0
300125,이찬유,1,0,0
300126,고태이,1,0,0
300127,송유섭,1,0,0
300128,최인수,1,0,0
300129,김세연,1,0,0
300130,정창우,1,0,0
300131,조동희,1,0,0
300132,강광현,1,0,0
300133,박지승,1,0,0
300134,박종혁,1,0,0
300135,국희수,1,0,0
300136,홍하루,1,0,0
300137,권철호,1,0,0
300138,유태완,1,0,0
300139,왕문성,1,0,0
300140,박원호,1,0,0
300141,김시준,1,0,0
300142,이한준,1,0,0
300143,강원영,1,0,0
300144,한윤태,1,0,0
300145,김기환,1,0,0
300146,김정석,1,0,0
300147,백재진,1,0,0
300148,김상혁,1,0,0
300149,강세호,1,0,0
300150,안지헌,1,0,0
300151,조준휘,1,0,0
300152,김은후,1,0,0
300153,김한솔,1,0,0
300154,전은재,1,0,0
300155,임하빈,1,0,0
300156,양해인,1,0,0
300157,박현철,1,0,0
300158,김성운,1,0,0
300159,김두현,1,0,0
300160,정승태,1,0,0
300161,김종석,1,0,0
300162,최진원,1,0,0
300163,박정규,1,0,0
300164,김세원,1,0,0
300165,이동균,1,0,0
300166,이영현,1,0,0
300167,공형주,1,0,0
300168,이재빈,1,0,0
300169,이유하,1,0,0
300170,박용호,1,0,0
300171,민부성,1,0,0
300172,김명수,1,0,0
300173,임종찬,1,0,0
300174,안병준,1,0,0
300175,정호,1,0,0
300176,오은수,1,0,0
300177,장한울,1,0,0
300178,이김,1,0,0
300179,이대경,1,0,0
300180,이형욱,1,0,0
300181,김주용,1,0,0
300182,이준환,1,0,0
300183,장대건,1,0,0
300184,김정혁,1,0,0
300185,김태운,1,0,0
300186,김은석,1,0,0
300187,이미르,1,0,0
300188,한의현,1,0,0
300189,류수오,1,0,0
300190,박세찬,1,0,0
300191,이찬솔,1,0,0
300192,안제하,1,0,0
300193,장선유,1,0,0
300194,이단,1,0,0
300195,신유담,1,0,0
300196,양해솔,1,0,0
300197,김영철,1,0,0
300198,백병진,1,0,0
300199,김홍준,1,0,0
300200,김성용,1,0,0
300201,김시혁,1,0,0
300202,최성제,1,0,0
300203,김제현,1,0,0
300204,장건하,1,0,0
300205,김기훈,1,0,0
300206,인의진,1,0,0
300207,장태헌,1,0,0
300208,양선재,1,0,0
300209,박민율,1,0,0
300210,조동수,1,0,0
300211,강범석,1,0,0
300212,유한규,1,0,0
300213,김성일,1,0,0
300214,전상수,1,0,0
300215,조태진,1,0,0
300216,이진용,1,0,0
300217,김제우,1,0,0
300218,김희승,1,0,0
300219,박호원,1,0,0
300220,김신후,1,0,0
300221,서강인,1,0,0
300222,이규원,1,0,0
300223,이다원,1,0,0
300224,이용석,1,0,0
300225,안원일,1,0,0
300226,오병민,1,0,0
300227,김원규,1,0,0
300228,문기동,1,0,0
300229,심영주,1,0,0
300230,국진규,1,0,0
300231,이태정,1,0,0
300232,연채훈,1,0,0
300233,박건민,1,0,0
300234,김경모,1,0,0
300235,김이찬,1,0,0
300236,심현중,1,0,0
300237,이호재,1,0,0
300238,박수한,1,0,0
300239,류연후,1,0,0
300240,홍경원,1,0,0
300241,이예훈,1,0,0
300242,김한별,1,0,0
300243,김리호,1,0,0
300244,김서한,1,0,0
300245,윤노아,1,0,0
300246,조우민,1,0,0
300247,고채우,1,0,0
300248,박은결,1,0,0
300249,이찬서,1,0,0
300250,신동채,1,0,0
300251,배영근,1,0,0
300252,이대규,1,0,0
300253,탁정주,1,0,0
300254,오성태,1,0,0
300255,곽장현,1,0,0
300256,황희도,1,0,0
300257,우세민,1,0,0
300258,최진홍,1,0,0
300259,임정욱,1,0,0
300260,홍도,1,0,0
300261,김장원,1,0,0
300262,이태강,1,0,0
300263,신동석,1,0,0
300264,이규연,1,0,0
300265,임보겸,1,0,0
300266,변결,1,0,0
300267,강재인,1,0,0
300268,이서하,1,0,0
300269,김효섭,1,0,0
300270,서정진,1,0,0
300271,이정일,1,0,0
300272,김기백,1,0,0
300273,홍동섭,1,0,0
300274,김승철,1,0,0
300275,박근후,1,0,0
300276,조서범,1,0,0
300277,한광민,1,0,0
300278,신경수,1,0,0
300279,윤윤한,1,0,0
300280,장유승,1,0,0
300281,남승제,1,0,0
300282,이재익,1,0,0
300283,최형민,1,0,0
300284,전기준,1,0,0
300285,임효민,1,0,0
300286,이한성,1,0,0
300287,송승수,1,0,0
300288,조현종,1,0,0
300289,한윤겸,1,0,0
300290,박수빈,1,0,0
300291,강한겸,1,0,0
300292,홍현율,1,0,0
300293,변지온,1,0,0
300294,이승리,1,0,0
300295,이정운,1,0,0
300296,김용철,1,0,0
300297,손문수,1,0,0
300298,현명기,1,0,0
300299,박기영,1,0,0
300300,강영대,1,0,0
300301,김세환,1,0,0
300302,김시한,1,0,0
300303,성재완,1,0,0
300304,김준열,1,0,0
300305,김윤상,1,0,0
300306,양효성,1,0,0
300307,이대연,1,0,0
300308,최원혁,1,0,0
300309,현로한,1,0,0
300310,변경현,1,0,0
300311,이서환,1,0,0
300312,노동율,1,0,0
300313,최경빈,1,0,0
300314,이찬형,1,0,0
300315,박대환,1,0,0
300316,원성하,1,0,0
300317,황세인,1,0,0
300318,허기윤,1,0,0
300319,최찬빈,1,0,0
300320,홍규진,1,0,0
300321,김승기,1,0,0
300322,이지섭,1,0,0
300323,김강유,1,0,0
300324,최담,1,0,0
300325,김다현,1,0,0
300326,김서안,1,0,0
300327,공경석,1,0,0
300328,유철우,1,0,0
300329,서성식,1,0,0
300330,최영운,1,0,0
300331,유승한,1,0,0
300332,윤민국,1,0,0
300333,김창호,1,0,0
300334,이기정,1,0,0
300335,안현동,1,0,0
300336,조대희,1,0,0
300337,배연승,1,0,0
300338,이승완,1,0,0
300339,김명재,1,0,0
300340,구제영,1,0,0
300341,김기원,1,0,0
300342,박혁준,1,0,0
300343,한지상,1,0,0
300344,진동헌,1,0,0
300345,이인규,1,0,0
300346,윤용우,1,0,0
300347,김태곤,1,0,0
300348,이이건,1,0,0
300349,변범서,1,0,0
300350,윤태희,1,0,0
300351,이영후,1,0,0
300352,강수,1,0,0
300353,김예승,1,0,0
300354,정서찬,1,0,0
300355,엄대한,1,0,0
300356,김호윤,1,0,0
300357,김태은,1,0,0
300358,정해윤,1,0,0
300359,소보민,1,0,0
300360,우요엘,1,0,0
300361,강이삭,1,0,0
300362,최유환,1,0,0
300363,임수인,1,0,0
300364,박루이,1,0,0
300365,하사무엘,1,0,0
300366,남하겸,1,0,0
300367,지의준,1,0,0
300368,이도담,1,0,0
300369,신우솔,1,0,0
300370,이형철,1,0,0
300371,남상문,1,0,0
300372,안금조,1,0,0
300373,박세범,1,0,0
300374,김견후,1,0,0
300375,신영일,1,0,0
300376,이상규,1,0,0
300377,백형섭,1,0,0
300378,김대욱,1,0,0
300379,양한,1,0,0
300380,강인준,1,0,0
300381,박재웅,1,0,0
300382,남준상,1,0,0
300383,설선준,1,0,0
300384,장보석,1,0,0
300385,정민교,1,0,0
300386,오민욱,1,0,0
300387,유도헌,1,0,0
300388,정부겸,1,0,0
300389,박규혁,1,0,0
300390,이종윤,1,0,0
300391,최용주,1,0,0
300392,문태후,1,0,0
300393,서병현,1,0,0
300394,심규범,1,0,0
300395,안무빈,1,0,0
300396,장리온,1,0,0
300397,김채준,1,0,0
300398,최연재,1,0,0
300399,이유호,1,0,0
300400,석이도,1,0,0
300401,왕유겸,1,0,0
300402,라앤드류,1,0,0
300403,천채운,1,0,0
300404,이예건,1,0,0
300405,홍정태,1,0,0
300406,김철민,1,0,0
300407,김성철,1,0,0
300408,이형근,1,0,0
300409,신지형,1,0,0
300410,권우철,1,0,0
300411,김석범,1,0,0
300412,이남규,1,0,0
300413,양경,1,0,0
300414,정윤환,1,0,0
300415,김석진,1,0,0
300416,김희태,1,0,0
300417,이성규,1,0,0
300418,황유석,1,0,0
300419,김민균,1,0,0
300420,임명훈,1,0,0
300421,서인영,1,0,0
300422,박재정,1,0,0
300423,김석환,1,0,0
300424,원성후,1,0,0
300425,김진하,1,0,0
300426,권도빈,1,0,0
300427,정재림,1,0,0
300428,정별,1,0,0
300429,최민섭,1,0,0
300430,김유근,1,0,0
300431,이동휘,1,0,0
300432,민로하,1,0,0
300433,배병수,1,0,0
300434,유보승,1,0,0
300435,최영욱,1,0,0
300436,이영식,1,0,0
300437,유대균,1,0,0
300438,박영덕,1,0,0
300439,김종수,1,0,0
300440,조수용,1,0,0
300441,김진환,1,0,0
300442,최영록,1,0,0
300443,김우섬,1,0,0
300444,윤정범,1,0,0
300445,안다윗,1,0,0
300446,최정한,1,0,0
300447,박채범,1,0,0
300448,김인재,1,0,0
300449,권재승,1,0,0
300450,박채원,1,0,0
300451,노안,1,0,0
300452,김민식,1,0,0
300453,문도환,1,0,0
300454,김보검,1,0,0
300455,조상엽,1,0,0
300456,유성혁,1,0,0
300457,장준표,1,0,0
300458,손승욱,1,0,0
300459,장강희,1,0,0
300460,최유상,1,0,0
300461,심상영,1,0,0
300462,송원찬,1,0,0
300463,구영웅,1,0,0
300464,윤기연,1,0,0
300465,김형찬,1,0,0
300466,정재건,1,0,0
300467,방영빈,1,0,0
300468,표수훈,1,0,0
300469,최혁진,1,0,0
300470,최솔,1,0,0
300471,박해찬,1,0,0
300472,손이환,1,0,0
300473,김윤오,1,0,0
300474,박하엘,1,0,0
300475,유재후,1,0,0
300476,이강훈,1,0,0
300477,윤재서,1,0,0
300478,이세종,1,0,0
300479,최민후,1,0,0
300480,김은오,1,0,0
300481,이필립,1,0,0
300482,임찬웅,1,0,0
300483,한주하,1,0,0
300484,정지유,1,0,0
300485,김하운,1,0,0
300486,김다엘,1,0,0
300487,이재철,1,0,0
300488,전인석,1,0,0
300489,김현국,1,0,0
300490,엄창대,1,0,0
300491,손대우,1,0,0
300492,이영도,1,0,0
300493,안병호,1,0,0
300494,김동기,1,0,0
300495,강재홍,1,0,0
300496,황용하,1,0,0
300497,김성록,1,0,0
300498,정창수,1,0,0
300499,박홍규,1,0,0
300500,정정준,1,0,0
300501,김주열,1,0,0
300502,박영택,1,0,0
300503,권승엽,1,0,0
300504,이광철,1,0,0
300505,최민관,1,0,0
300506,이석우,1,0,0
300507,박승운,1,0,0
300508,박주상,1,0,0
300509,강영규,1,0,0
300510,김시운,1,0,0
300511,이영걸,1,0,0
300512,이용재,1,0,0
300513,김병국,1,0,0
300514,황석준,1,0,0
300515,김승규,1,0,0
300516,최규보,1,0,0
300517,류새벽,1,0,0
300518,조주훈,1,0,0
300519,김경찬,1,0,0
300520,박재상,1,0,0
300521,박서훈,1,0,0
300522,배현겸,1,0,0
300523,염범규,1,0,0
300524,김세한,1,0,0
300525,고권,1,0,0
300526,고승언,1,0,0
300527,김호정,1,0,0
300528,김건률,1,0,0
300529,송서웅,1,0,0
300530,이창훈,1,0,0
300531,이찬용,1,0,0
300532,김민하,1,0,0
300533,임효원,1,0,0
300534,최영서,1,0,0
300535,조원,1,0,0
300536,나주언,1,0,0
300537,강유노,1,0,0
300538,유하담,1,0,0
300539,이도엽,1,0,0
300540,김상철,1,0,0
300541,이경택,1,0,0
300542,정원진,1,0,0
300543,이반석,1,0,0
300544,서진만,1,0,0
300545,최성범,1,0,0
300546,김무건,1,0,0
300547,정광수,1,0,0
300548,이동엽,1,0,0
300549,최인기,1,0,0
300550,이철수,1,0,0
300551,양창환,1,0,0
300552,이태수,1,0,0
300553,김영돈,1,0,0
300554,박수원,1,0,0
300555,김명환,1,0,0
300556,정현구,1,0,0
300557,배한빈,1,0,0
300558,최윤기,1,0,0
300559,이영화,1,0,0
300560,이병규,1,0,0
300561,김성도,1,0,0
300562,배우정,1,0,0
300563,최유주,1,0,0
300564,조재화,1,0,0
300565,이경재,1,0,0
300566,조호림,1,0,0
300567,박건형,1,0,0
300568,이강윤,1,0,0
300569,이상헌,1,0,0
300570,윤대웅,1,0,0
300571,김태용,1,0,0
300572,김원율,1,0,0
300573,최운호,1,0,0
300574,장도은,1,0,0
300575,최제준,1,0,0
300576,조신,1,0,0
300577,나선,1,0,0
300578,이누리,1,0,0
300579,송민종,1,0,0
300580,김현근,1,0,0
300581,이세빈,1,0,0
300582,조충현,1,0,0
300583,이택현,1,0,0
300584,김서형,1,0,0
300585,이연성,1,0,0
300586,백동빈,1,0,0
300587,김세온,1,0,0
300588,이태산,1,0,0
300589,김수안,1,0,0
300590,오다훈,1,0,0
300591,이정연,1,0,0
300592,최재은,1,0,0
300593,박시유,1,0,0
300594,김윤민,1,0,0
300595,박이언,1,0,0
300596,이~99,1,0,0
300597,이유한,1,0,0
300598,곽명길,1,0,0
300599,송무근,1,0,0
300600,김광석,1,0,0
300601,이명근,1,0,0
300602,김두환,1,0,0
300603,최정철,1,0,0
300604,이정필,1,0,0
300605,최태룡,1,0,0
300606,이서백,1,0,0
300607,박상옥,1,0,0
300608,조동권,1,0,0
300609,김구현,1,0,0
300610,이보명,1,0,0
300611,박태권,1,0,0
300612,황장수,1,0,0
300613,윤대성,1,0,0
300614,정민권,1,0,0
300615,박세용,1,0,0
300616,손명규,1,0,0
300617,김진태,1,0,0
300618,최승일,1,0,0
300619,백정렬,1,0,0
300620,마승학,1,0,0
300621,김무준,1,0,0
300622,유윤택,1,0,0
300623,최성광,1,0,0
300624,노재근,1,0,0
300625,김윤도,1,0,0
300626,박리후,1,0,0
300627,이기석,1,0,0
300628,김중현,1,0,0
300629,배민겸,1,0,0
300630,최용,1,0,0
300631,최정완,1,0,0
300632,조정율,1,0,0
300633,손찬성,1,0,0
300634,이우,1,0,0
300635,최동률,1,0,0
300636,이유태,1,0,0
300637,최강호,1,0,0
300638,유건이,1,0,0
300639,김채호,1,0,0
300640,김현식,1,0,0
300641,이건욱,1,0,0
300642,오경진,1,0,0
300643,이진웅,1,0,0
300644,이효근,1,0,0
300645,이주윤,1,0,0
300646,이정안,1,0,0
300647,이유재,1,0,0
300648,김태언,1,0,0
300649,김준규,1,0,0
300650,박헌,1,0,0
300651,박채윤,1,0,0
300652,최주찬,1,0,0
300653,이제민,1,0,0
300654,이휘찬,1,0,0
300655,강한서,1,0,0
300656,이준섭,1,0,0
300657,김태일,1,0,0
300658,우선오,1,0,0
300659,변혜준,1,0,0
300660,양하원,1,0,0
300661,김마루,1,0,0
300662,남리오,1,0,0
300663,신도근,1,0,0
300664,이인태,1,0,0
300665,김재명,1,0,0
300666,이석희,1,0,0
300667,강용규,1,0,0
300668,김지백,1,0,0
300669,이정용,1,0,0
300670,천상범,1,0,0
300671,주영상,1,0,0
300672,손재복,1,0,0
300673,조광호,1,0,0
300674,서호종,1,0,0
300675,서용원,1,0,0
300676,안성문,1,0,0
300677,최태주,1,0,0
300678,강창희,1,0,0
300679,김승용,1,0,0
300680,박주석,1,0,0
300681,박기남,1,0,0
300682,정동한,1,0,0
300683,고원용,1,0,0
300684,김승모,1,0,0
300685,윤건웅,1,0,0
300686,공근영,1,0,0
300687,김무겸,1,0,0
300688,홍기명,1,0,0
300689,최동운,1,0,0
300690,김성종,1,0,0
300691,김희석,1,0,0
300692,박상운,1,0,0
300693,하은식,1,0,0
300694,이선영,1,0,0
300695,최영태,1,0,0
300696,박종희,1,0,0
300697,임시웅,1,0,0
300698,김승희,1,0,0
300699,고제윤,1,0,0
300700,조선규,1,0,0
300701,서홍진,1,0,0
300702,김재신,1,0,0
300703,홍검재,1,0,0
300704,김상희,1,0,0
300705,최찬현,1,0,0
300706,김준아,1,0,0
300707,김성희,1,0,0
300708,권병주,1,0,0
300709,오종욱,1,0,0
300710,유태혁,1,0,0
300711,최현찬,1,0,0
300712,김규동,1,0,0
300713,오수완,1,0,0
300714,권동인,1,0,0
300715,권기주,1,0,0
300716,김수성,1,0,0
300717,이수종,1,0,0
300718,김문기,1,0,0
300719,김수하,1,0,0
300720,이병우,1,0,0
300721,주영채,1,0,0
300722,박정헌,1,0,0
300723,이형규,1,0,0
300724,김우용,1,0,0
300725,김보현,1,0,0
300726,김경주,1,0,0
300727,김준식,1,0,0
300728,신의찬,1,0,0
300729,김이헌,1,0,0
300730,최준한,1,0,0
300731,유시진,1,0,0
300732,강하승,1,0,0
300733,곽선빈,1,0,0
300734,이예담,1,0,0
300735,이찬식,1,0,0
300736,민태랑,1,0,0
300737,김서인,1,0,0
300738,정지강,1,0,0
300739,송훤,1,0,0
300740,서강연,1,0,0
300741,구경록,1,0,0
300742,정제이,1,0,0
300743,임희윤,1,0,0
300744,이호빈,1,0,0
300745,오해담,1,0,0
300746,하환서,1,0,0
300747,장진율,1,0,0
300748,이라엘,1,0,0
300749,이소망,1,0,0
300750,민성율,1,0,0
300751,정주빈,1,0,0
300752,박예온,1,0,0
300753,김재휘,1,0,0
300754,박제이슨,1,0,0
300755,이래오,1,0,0
300756,서다호,1,0,0
300757,이예현,1,0,0
300758,최선웅,1,0,0
300759,배해온,1,0,0
300760,원라현,1,0,0
300761,이이,1,0,0
300762,김완규,1,0,0
300763,이병일,1,0,0
300764,임정희,1,0,0
300765,강보규,1,0,0
300766,오희철,1,0,0
300767,맹오현,1,0,0
300768,김도규,1,0,0
300769,권제형,1,0,0
300770,송용환,1,0,0
300771,이우섭,1,0,0
300772,한장호,1,0,0
300773,곽효재,1,0,0
300774,현동길,1,0,0
300775,윤진재,1,0,0
300776,조원기,1,0,0
300777,노우남,1,0,0
300778,박용태,1,0,0
300779,김주승,1,0,0
300780,이강진,1,0,0
300781,채홍석,1,0,0
300782,김연석,1,0,0
300783,김길현,1,0,0
300784,김민구,1,0,0
300785,전정엽,1,0,0
300786,최성근,1,0,0
300787,우래호,1,0,0
300788,이운재,1,0,0
300789,김지학,1,0,0
300790,김철영,1,0,0
300791,최윤하,1,0,0
300792,윤겨레,1,0,0
300793,장명식,1,0,0
300794,황서영,1,0,0
300795,서관영,1,0,0
400001,김호철,1,0,0
400002,최민유,1,0,0
400003,이아진,1,0,0
400004,박명우,1,0,0
400005,임용훈,1,0,0
400006,김연욱,1,0,0
400007,조정,1,0,0
400008,최경덕,1,0,0
400009,유의재,1,0,0
400010,전가을,1,0,0
400011,이건도,1,0,0
400012,김혜민,1,0,0
400013,이승겸,1,0,0
400014,한교준,1,0,0
400015,김성헌,1,0,0
400016,권주연,1,0,0
400017,정성엽,1,0,0
400018,유제호,1,0,0
400019,김윤승,1,0,0
400020,이명성,1,0,0
400021,배재한,1,0,0
400022,김은철,1,0,0
400023,김성균,1,0,0
400024,서호경,1,0,0
400025,박지언,1,0,0
400026,이지산,1,0,0
400027,김종진,1,0,0
400028,이홍기,1,0,0
400029,김강혁,1,0,0
400030,강동후,1,0,0
400031,송한영,1,0,0
400032,황건휘,1,0,0
400033,김설,1,0,0
400034,이희우,1,0,0
400035,김설민,1,0,0
400036,문진운,1,0,0
400037,홍태림,1,0,0
400038,이시열,1,0,0
400039,강순우,1,0,0
400040,김래원,1,0,0
400041,한채진,1,0,0
400042,김다윤,1,0,0
400043,김선민,1,0,0
400044,오남현,1,0,0
400045,조요섭,1,0,0
400046,이용찬,1,0,0
400047,이범주,1,0,0
400048,윤민환,1,0,0
400049,윤승효,1,0,0
400050,박채빈,1,0,0
400051,최환호,1,0,0
400052,전하울,1,0,0
400053,최이담,1,0,0
400054,이효빈,1,0,0
400055,김태빈,1,0,0
400056,주도한,1,0,0
400057,김혜찬,1,0,0
400058,이차민,1,0,0
400059,이우람,1,0,0
400060,전용빈,1,0,0
400061,오용민,1,0,0
400062,김영윤,1,0,0
400063,심상후,1,0,0
400064,조리원,1,0,0
400065,김은빈,1,0,0
400066,김다겸,1,0,0
400067,안무영,1,0,0
400068,장브랜든,1,0,0
400069,김호현,1,0,0
400070,강슬찬,1,0,0
400071,김나단,1,0,0
400072,강에이든,1,0,0
400073,권다민,1,0,0
400074,원강산,1,0,0
400075,이준이,1,0,0
400076,박레오,1,0,0
400077,이해율,1,0,0
400078,김라윤,1,0,0
400079,맹찬열,1,0,0
400080,방로윤,1,0,0
400081,김박,1,0,0
400082,유광희,1,0,0
400083,허무경,1,0,0
400084,이부길,1,0,0
400085,이병길,1,0,0
400086,권길호,1,0,0
400087,양한용,1,0,0
400088,이동일,1,0,0
400089,이기호,1,0,0
400090,최근오,1,0,0
400091,이시맥,1,0,0
400092,신배종,1,0,0
400093,오태효,1,0,0
400094,윤성봉,1,0,0
400095,홍경완,1,0,0
400096,조창식,1,0,0
400097,이명보,1,0,0
400098,장무룡,1,0,0
400099,전대열,1,0,0
400100,최일형,1,0,0
400101,구대완,1,0,0
400102,박수석,1,0,0
400103,이홍주,1,0,0
400104,김대광,1,0,0
400105,정봉수,1,0,0
400106,주성한,1,0,0
400107,노지영,1,0,0
400108,박금재,1,0,0
400109,박병태,1,0,0
400110,최덕환,1,0,0
400111,이기철,1,0,0
400112,양병욱,1,0,0
400113,임루겸,1,0,0
400114,장보권,1,0,0
400115,유문걸,1,0,0
400116,김필,1,0,0
400117,이덕성,1,0,0
400118,송강빈,1,0,0
400119,이범,1,0,0
400120,김석,1,0,0
400121,이민상,1,0,0
400122,김유종,1,0,0
400123,임제연,1,0,0
400124,양재석,1,0,0
400125,김동관,1,0,0
400126,김광명,1,0,0
400127,류동화,1,0,0
400128,김운,1,0,0
400129,김선용,1,0,0
400130,김형태,1,0,0
400131,오성은,1,0,0
400132,김제훈,1,0,0
400133,박경남,1,0,0
400134,손진겸,1,0,0
400135,전용희,1,0,0
400136,김광혁,1,0,0
400137,정민범,1,0,0
400138,이대용,1,0,0
400139,김천용,1,0,0
400140,김영제,1,0,0
400141,문강후,1,0,0
400142,장이진,1,0,0
400143,이중기,1,0,0
400144,김동렬,1,0,0
400145,정성룡,1,0,0
400146,이종관,1,0,0
400147,강창윤,1,0,0
400148,조기홍,1,0,0
400149,김인찬,1,0,0
400150,나지태,1,0,0
400151,손진모,1,0,0
400152,신희제,1,0,0
400153,최성열,1,0,0
400154,최용건,1,0,0
400155,윤찬규,1,0,0
400156,안유연,1,0,0
400157,강장한,1,0,0
400158,김용성,1,0,0
400159,윤우경,1,0,0
400160,김승석,1,0,0
400161,김태기,1,0,0
400162,김강욱,1,0,0
400163,김수윤,1,0,0
400164,전찬원,1,0,0
400165,이남준,1,0,0
400166,김만희,1,0,0
400167,옥중민,1,0,0
400168,강건오,1,0,0
400169,김수홍,1,0,0
400170,윤진후,1,0,0
400171,양준구,1,0,0
400172,윤민엽,1,0,0
400173,이상빈,1,0,0
400174,박현학,1,0,0
400175,한택연,1,0,0
400176,김도협,1,0,0
400177,김태한,1,0,0
400178,황도완,1,0,0
400179,김언,1,0,0
400180,변지빈,1,0,0
400181,김현제,1,0,0
400182,유치호,1,0,0
400183,황태근,1,0,0
400184,김노엘,1,0,0
400185,김정음,1,0,0
400186,정승균,1,0,0
400187,서조셉,1,0,0
400188,김윤섭,1,0,0
400189,이승안,1,0,0
400190,이빈,1,0,0
400191,김로훈,1,0,0
400192,전세완,1,0,0
400193,설재찬,1,0,0
400194,김호근,1,0,0
400195,백찬진,1,0,0
400196,이일우,1,0,0
400197,윤준선,1,0,0
400198,김래현,1,0,0
400199,이찬휘,1,0,0
400200,김이서,1,0,0
400201,김세담,1,0,0
400202,권조한,1,0,0
400203,조준율,1,0,0
400204,김이산,1,0,0
400205,조윤규,1,0,0
400206,채권율,1,0,0
400207,이에녹,1,0,0
400208,고규식,1,0,0
400209,한승건,1,0,0
400210,이유온,1,0,0
400211,김예완,1,0,0
400212,홍소명,1,0,0
400213,양하영,1,0,0
400214,조혁주,1,0,0
400215,한서완,1,0,0
400216,강솔민,1,0,0
400217,장기율,1,0,0
400218,남서유,1,0,0
400219,이크리스토퍼,1,0,0
400220,장건아,1,0,0
400221,윤리환,1,0,0
400222,정탄,1,0,0
400223,조태서,1,0,0
400224,신서온,1,0,0
400225,김은유,1,0,0
400226,권아람,1,0,0
400227,강에릭,1,0,0
400228,안로아,1,0,0
400229,유카일,1,0,0
400230,양다올,1,0,0
400231,류모건,1,0,0
400232,허현섭,1,0,0
400233,이무형,1,0,0
400234,김명국,1,0,0
400235,김상연,1,0,0
400236,권현영,1,0,0
400237,이영두,1,0,0
400238,여병찬,1,0,0
400239,김수진,1,0,0
400240,심문규,1,0,0
400241,임영국,1,0,0
400242,유인회,1,0,0
400243,최영달,1,0,0
400244,김도검,1,0,0
400245,이재수,1,0,0
400246,최우제,1,0,0
400247,최현주,1,0,0
400248,김선태,1,0,0
400249,허승택,1,0,0
400250,양범균,1,0,0
400251,서장민,1,0,0
400252,김영만,1,0,0
400253,길샘,1,0,0
400254,이일,1,0,0
400255,신원식,1,0,0
400256,김찬욱,1,0,0
400257,김대권,1,0,0
400258,이시무,1,0,0
400259,박광훈,1,0,0
400260,고광일,1,0,0
400261,윤관호,1,0,0
400262,김한우,1,0,0
400263,김교성,1,0,0
400264,박승천,1,0,0
400265,이수형,1,0,0
400266,이근태,1,0,0
400267,김태복,1,0,0
400268,김경인,1,0,0
400269,이상제,1,0,0
400270,배인선,1,0,0
400271,임문현,1,0,0
400272,임범근,1,0,0
400273,김석영,1,0,0
400274,박근하,1,0,0
400275,이재구,1,0,0
400276,우도열,1,0,0
400277,신본영,1,0,0
400278,강세헌,1,0,0
400279,김필준,1,0,0
400280,정성,1,0,0
400281,오권후,1,0,0
400282,김명석,1,0,0
400283,김덕호,1,0,0
400284,양상인,1,0,0
400285,도시몬,1,0,0
400286,장승인,1,0,0
400287,정은구,1,0,0
400288,박진한,1,0,0
400289,장신혁,1,0,0
400290,박재열,1,0,0
400291,허영조,1,0,0
400292,손종무,1,0,0
400293,정근원,1,0,0
400294,유용기,1,0,0
400295,박보경,1,0,0
400296,조명원,1,0,0
400297,조호천,1,0,0
400298,김철현,1,0,0
400299,한대석,1,0,0
400300,선수일,1,0,0
400301,전중호,1,0,0
400302,오재표,1,0,0
400303,정재문,1,0,0
400304,송도민,1,0,0
400305,김강수,1,0,0
400306,장명후,1,0,0
400307,김홍경,1,0,0
400308,이병석,1,0,0
400309,황영천,1,0,0
400310,이민근,1,0,0
400311,김석기,1,0,0
400312,이탁,1,0,0
400313,임이윤,1,0,0
400314,김경운,1,0,0
400315,김상록,1,0,0
400316,박해민,1,0,0
400317,김현상,1,0,0
400318,양광우,1,0,0
400319,서치영,1,0,0
400320,김중원,1,0,0
400321,이건용,1,0,0
400322,황동형,1,0,0
400323,박원섭,1,0,0
400324,진석빈,1,0,0
400325,남익현,1,0,0
400326,백주오,1,0,0
400327,안용일,1,0,0
400328,송도혁,1,0,0
400329,최어진,1,0,0
400330,신윤영,1,0,0
400331,남화영,1,0,0
400332,조승율,1,0,0
400333,김현오,1,0,0
400334,박선교,1,0,0
400335,전찬엽,1,0,0
400336,서규선,1,0,0
400337,선규한,1,0,0
400338,김용운,1,0,0
400339,이세정,1,0,0
400340,김기완,1,0,0
400341,김태석,1,0,0
400342,이규석,1,0,0
400343,이진오,1,0,0
400344,이진명,1,0,0
400345,박형균,1,0,0
400346,김본우,1,0,0
400347,정태화,1,0,0
400348,지종연,1,0,0
400349,이준빈,1,0,0
400350,황율건,1,0,0
400351,명영신,1,0,0
400352,윤은기,1,0,0
400353,이휘근,1,0,0
400354,최행운,1,0,0
400355,조은태,1,0,0
400356,오장우,1,0,0
400357,주상효,1,0,0
400358,김라원,1,0,0
400359,김효석,1,0,0
400360,안혁수,1,0,0
400361,엄대헌,1,0,0
400362,이의성,1,0,0
400363,조건효,1,0,0
400364,이지명,1,0,0
400365,정윤슬,1,0,0
400366,김희민,1,0,0
400367,박제원,1,0,0
400368,손지찬,1,0,0
400369,이이재,1,0,0
400370,황병건,1,0,0
400371,차윤범,1,0,0
400372,이준협,1,0,0
400373,윤재온,1,0,0
400374,배세성,1,0,0
400375,정병율,1,0,0
400376,곽완,1,0,0
400377,홍호담,1,0,0
400378,조형기,1,0,0
400379,백두원,1,0,0
400380,장별하,1,0,0
400381,송상협,1,0,0
400382,김은택,1,0,0
400383,전지범,1,0,0
400384,문설우,1,0,0
400385,권재의,1,0,0
400386,이도휘,1,0,0
400387,안루다,1,0,0
400388,김송민,1,0,0
400389,임강한,1,0,0
400390,조이레,1,0,0
400391,인재유,1,0,0
400392,김병윤,1,0,0
400393,김라호,1,0,0
400394,이세혁,1,0,0
400395,지규형,1,0,0
400396,황규영,1,0,0
400397,이현희,1,0,0
400398,박태관,1,0,0
400399,허초원,1,0,0
400400,박무현,1,0,0
400401,김승휘,1,0,0
400402,이예겸,1,0,0
400403,조힘찬,1,0,0
400404,강은상,1,0,0
400405,우다솔,1,0,0
400406,김산하,1,0,0
400407,김푸름,1,0,0
400408,김현솔,1,0,0
400409,김루하,1,0,0
400410,송휘,1,0,0
400411,윤예권,1,0,0
400412,박제아,1,0,0
400413,한원희,1,0,0
400414,유하음,1,0,0
400415,박매튜,1,0,0
400416,전민조,1,0,0
400417,이단율,1,0,0
400418,박상율,1,0,0
400419,배가율,1,0,0
400420,윤희율,1,0,0
400421,박유은,1,0,0
400422,나아빈,1,0,0
400423,유찬후,1,0,0
400424,변다울,1,0,0
400425,정유,1,0,0
400426,성현유,1,0,0
400427,장태리,1,0,0
400428,김종빈,1,0,0
400429,임치원,1,0,0
400430,노예강,1,0,0
400431,김아로,1,0,0
400432,박인서,1,0,0
400433,남래윤,1,0,0
400434,김나율,1,0,0
400435,곽교현,1,0,0
400436,유헨리,1,0,0
400437,구서오,1,0,0
400438,박이루,1,0,0
400439,민예한,1,0,0
400440,김윤모,1,0,0
400441,안래온,1,0,0
400442,박루호,1,0,0
400443,안데이빗,1,0,0
400444,조해든,1,0,0
400445,권한승,1,0,0
400446,이부승,1,0,0
400447,정상일,1,0,0
400448,한전,1,0,0
400449,김문준,1,0,0
400450,성곤,1,0,0
400451,김영남,1,0,0
400452,이형신,1,0,0
400453,김한검,1,0,0
400454,박대식,1,0,0
400455,정사윤,1,0,0
400456,김보정,1,0,0
400457,오진구,1,0,0
400458,황형빈,1,0,0
400459,이일용,1,0,0
400460,강용식,1,0,0
400461,안용선,1,0,0
400462,하섬근,1,0,0
400463,오창준,1,0,0
400464,최무승,1,0,0
400465,조길후,1,0,0
400466,오창진,1,0,0
400467,김만수,1,0,0
400468,한문재,1,0,0
400469,백봉준,1,0,0
400470,정익수,1,0,0
400471,조예빈,1,0,0
400472,서전진,1,0,0
400473,김석이,1,0,0
400474,김병권,1,0,0
400475,이유식,1,0,0
400476,허종덕,1,0,0
400477,심철운,1,0,0
400478,홍병훈,1,0,0
400479,김수범,1,0,0
400480,박환웅,1,0,0
400481,이혁기,1,0,0
400482,김태길,1,0,0
400483,유성렬,1,0,0
400484,김근환,1,0,0
400485,남봉학,1,0,0
400486,양연환,1,0,0
400487,임주일,1,0,0
400488,이상용,1,0,0
400489,박형순,1,0,0
400490,이백산,1,0,0
400491,이제인,1,0,0
400492,신필중,1,0,0
400493,홍채환,1,0,0
400494,윤대근,1,0,0
400495,차창욱,1,0,0
400496,한현산,1,0,0
400497,김정명,1,0,0
400498,이원철,1,0,0
400499,장겸재,1,0,0
400500,김명호,1,0,0
400501,현우종,1,0,0
400502,김성영,1,0,0
400503,김병영,1,0,0
400504,정문구,1,0,0
400505,이성화,1,0,0
400506,이균호,1,0,0
400507,박홍태,1,0,0
400508,구진기,1,0,0
400509,김규탁,1,0,0
400510,김창규,1,0,0
400511,김형재,1,0,0
400512,유원욱,1,0,0
400513,김용은,1,0,0
400514,신형노,1,0,0
400515,배낙현,1,0,0
400516,서봉기,1,0,0
400517,서명완,1,0,0
400518,최종필,1,0,0
400519,이장환,1,0,0
400520,최성기,1,0,0
400521,원명일,1,0,0
400522,박대명,1,0,0
400523,김경림,1,0,0
400524,최재창,1,0,0
400525,하윤검,1,0,0
400526,이진열,1,0,0
400527,진택근,1,0,0
400528,임대산,1,0,0
400529,허준홍,1,0,0
400530,이한진,1,0,0
400531,김경철,1,0,0
400532,신주엽,1,0,0
400533,유두진,1,0,0
400534,황희언,1,0,0
400535,정용화,1,0,0
400536,배태평,1,0,0
400537,전성국,1,0,0
400538,이순원,1,0,0
400539,윤규완,1,0,0
400540,김보관,1,0,0
400541,김상률,1,0,0
400542,황희창,1,0,0
400543,이수헌,1,0,0
400544,조서혁,1,0,0
400545,박원현,1,0,0
400546,고인희,1,0,0
400547,조덕인,1,0,0
400548,유필재,1,0,0
400549,김연조,1,0,0
400550,이효승,1,0,0
400551,임창렬,1,0,0
400552,이우수,1,0,0
400553,양상하,1,0,0
400554,이동해,1,0,0
400555,신승영,1,0,0
400556,박광원,1,0,0
400557,김준엽,1,0,0
400558,이규백,1,0,0
400559,홍대중,1,0,0
400560,김은국,1,0,0
400561,서상완,1,0,0
400562,김호산,1,0,0
400563,양제환,1,0,0
400564,최동찬,1,0,0
400565,문대안,1,0,0
400566,강신일,1,0,0
400567,홍종천,1,0,0
400568,박민현,1,0,0
400569,박종성,1,0,0
400570,양철한,1,0,0
400571,강기표,1,0,0
400572,이경율,1,0,0
400573,서혁민,1,0,0
400574,박재오,1,0,0
400575,이원효,1,0,0
400576,오인하,1,0,0
400577,김승권,1,0,0
400578,김문석,1,0,0
400579,김정도,1,0,0
400580,김석헌,1,0,0
400581,김형모,1,0,0
400582,김길우,1,0,0
400583,김윤철,1,0,0
400584,한균하,1,0,0
400585,김찬일,1,0,0
400586,변일규,1,0,0
400587,이남훈,1,0,0
400588,김가빈,1,0,0
400589,허인철,1,0,0
400590,임완수,1,0,0
400591,신상기,1,0,0
400592,문종준,1,0,0
400593,정조현,1,0,0
400594,박환석,1,0,0
400595,허도이,1,0,0
400596,윤가호,1,0,0
400597,이남혁,1,0,0
400598,박태홍,1,0,0
400599,김창덕,1,0,0
400600,김연택,1,0,0
400601,이남수,1,0,0
400602,변상태,1,0,0
400603,김기찬,1,0,0
400604,고사랑,1,0,0
400605,김수언,1,0,0
400606,이근찬,1,0,0
400607,서지함,1,0,0
400608,김재천,1,0,0
400609,신보담,1,0,0
400610,강찬하,1,0,0
400611,고래인,1,0,0
400612,안제범,1,0,0
400613,이해원,1,0,0
400614,강종일,1,0,0
400615,진세희,1,0,0
400616,변은창,1,0,0
400617,강은서,1,0,0
400618,문두산,1,0,0
400619,김찬익,1,0,0
400620,이현건,1,0,0
400621,이유로,1,0,0
400622,강건무,1,0,0
400623,신창용,1,0,0
400624,양경탁,1,0,0
400625,김한신,1,0,0
400626,최현택,1,0,0
400627,장재관,1,0,0
400628,유재록,1,0,0
400629,김가인,1,0,0
400630,김은률,1,0,0
400631,전호석,1,0,0
400632,이본호,1,0,0
400633,윤준연,1,0,0
400634,박인학,1,0,0
400635,정해승,1,0,0
400636,김준택,1,0,0
400637,김세건,1,0,0
400638,김원종,1,0,0
400639,송창혁,1,0,0
400640,이태선,1,0,0
400641,박현결,1,0,0
400642,김우태,1,0,0
400643,이승표,1,0,0
400644,원종학,1,0,0
400645,강동은,1,0,0
400646,최호승,1,0,0
400647,김동경,1,0,0
400648,한민희,1,0,0
400649,황주온,1,0,0
400650,이나무,1,0,0
400651,조태구,1,0,0
400652,김지홍,1,0,0
400653,이병관,1,0,0
400654,양명민,1,0,0
400655,박이원,1,0,0
400656,한우겸,1,0,0
400657,이채혁,1,0,0
400658,유서담,1,0,0
400659,이경문,1,0,0
400660,최원빈,1,0,0
400661,변승,1,0,0
400662,김승목,1,0,0
400663,황용후,1,0,0
400664,황근혁,1,0,0
400665,염율하,1,0,0
400666,권한민,1,0,0
400667,김동구,1,0,0
400668,김선제,1,0,0
400669,이태상,1,0,0
400670,송승오,1,0,0
400671,조명찬,1,0,0
400672,전동열,1,0,0
400673,손한선,1,0,0
400674,김기용,1,0,0
400675,석새영,1,0,0
400676,송일호,1,0,0
400677,김민세,1,0,0
400678,유희로,1,0,0
400679,권기웅,1,0,0
400680,이률,1,0,0
400681,이지효,1,0,0
400682,장민오,1,0,0
400683,권다운,1,0,0
400684,유리차드,1,0,0
400685,이름,1,0,0
400686,진온,1,0,0
400687,강규상,1,0,0
400688,이현범,1,0,0
400689,윤이온,1,0,0
400690,최국,1,0,0
400691,김종헌,1,0,0
400692,권루아,1,0,0
400693,안강이,1,0,0
400694,임우리,1,0,0
400695,안문승,1,0,0
400696,이테오,1,0,0
400697,장로원,1,0,0
400698,박문철,1,0,0
400699,강민창,1,0,0
400700,민효우,1,0,0
400701,전준승,1,0,0
400702,이승곤,1,0,0
400703,공창영,1,0,0
400704,김해강,1,0,0
400705,유치훈,1,0,0
400706,심기광,1,0,0
400707,전제백,1,0,0
400708,김준배,1,0,0
400709,장승협,1,0,0
400710,김유지,1,0,0
400711,이형식,1,0,0
400712,오한빛,1,0,0
400713,이호인,1,0,0
400714,김소율,1,0,0
400715,오무혁,1,0,0
400716,염호태,1,0,0
400717,임서휘,1,0,0
400718,조신욱,1,0,0
400719,배인건,1,0,0
400720,권다빈,1,0,0
400721,김인겸,1,0,0
400722,김우형,1,0,0
400723,박정찬,1,0,0
400724,김유비,1,0,0
400725,왕택훈,1,0,0
400726,황예일,1,0,0
400727,김근휘,1,0,0
400728,이한음,1,0,0
400729,김이빈,1,0,0
400730,노하륜,1,0,0
400731,김우림,1,0,0
400732,최교빈,1,0,0
400733,김도희,1,0,0
400734,심병하,1,0,0
400735,송규담,1,0,0
400736,장이룸,1,0,0
400737,김윤결,1,0,0
400738,김명현,1,0,0
400739,정진유,1,0,0
400740,고루한,1,0,0
400741,강유마,1,0,0
400742,안주율,1,0,0
400743,오소을,1,0,0
400744,박준화,1,0,0
400745,이바울,1,0,0
400746,홍수연,1,0,0
400747,김영범,1,0,0
400748,한호겸,1,0,0
400749,연찬슬,1,0,0
400750,이석찬,1,0,0
400751,한두희,1,0,0
400752,신시연,1,0,0
400753,신재언,1,0,0
400754,정상,1,0,0
400755,한현웅,1,0,0
400756,김효겸,1,0,0
400757,홍휘성,1,0,0
400758,차강찬,1,0,0
400759,이종율,1,0,0
400760,홍기민,1,0,0
400761,최은섭,1,0,0
400762,조백현,1,0,0
400763,김지음,1,0,0
400764,이희건,1,0,0
400765,장도언,1,0,0
400766,김오윤,1,0,0
400767,금은겸,1,0,0
400768,이은탁,1,0,0
400769,김슬우,1,0,0
400770,이예헌,1,0,0
400771,최찬이,1,0,0
400772,김담율,1,0,0
400773,이해건,1,0,0
400774,오종인,1,0,0
400775,김율찬,1,0,0
400776,이현담,1,0,0
400777,이선후,1,0,0
400778,권예안,1,0,0
400779,김석주,1,0,0
400780,오다인,1,0,0
400781,박여름,1,0,0
400782,노희온,1,0,0
400783,장이솔,1,0,0
400784,강은솔,1,0,0
400785,차저스틴,1,0,0
400786,김민솔,1,0,0
400787,김기안,1,0,0
400788,김렌,1,0,0
400789,최이율,1,0,0
400790,이애론,1,0,0
400791,도서헌,1,0,0
400792,조하경,1,0,0
400793,김죠셉,1,0,0
400794,조데이비드,1,0,0
400795,이리준,1,0,0
